,Feature,Importance
0,Execution Price,0.4319930860062719
2,Fee,0.21115999573216296
1,Size USD,0.1998354644654898
3,sentiment_score,0.1570114537960754
